date,label,statement
2019-04-18,real,The ‘On Politics’ Mueller Report Cheat Sheet
2019-05-04,real,On Politics: The Biggest Stories of the Week
2019-04-11,real,Twitter Is a Big Deal in Politics. That Doesn’t Make It Right.
2019-04-29,real,"Jonathan Greenblatt, Head of the A.D.L., on the Politics of White Nationalism"
2019-04-30,real,The Zombie Style in American Politics
2019-04-12,real,"Is America Hopelessly Polarized, or Just Allergic to Politics?"
2019-04-23,real,On Politics: Pelosi Cautions on Impeachment
2018-11-06,real,"Do Americans Dislike ‘Partisan’ Politics, or Just Other Partisans?"
2019-04-27,real,On Politics: The Biggest Stories of the Week
2019-02-07,real,The Political ‘Center’ Isn’t Gone — Just Disputed
2019-05-02,real,On Politics: Barr Faces Senate Scrutiny
2019-04-20,real,On Politics: The Biggest Stories of the Week
2019-04-25,real,On Politics: Biden Enters 2020 Race
2019-03-29,real,On Politics: It’s Trump’s Economy
2019-04-23,real,Living in the Age of Political Memes
2019-04-30,real,On Politics: Rod Rosenstein to Step Down
2019-04-18,real,On Politics: Mueller Report to Be Released Today
2019-04-13,real,On Politics: The Biggest Stories of the Week
2019-04-15,real,"On Politics: Mayor Pete, the College Years"
2019-04-06,real,On Politics: The Biggest Stories of the Week
2019-04-19,real,On Politics: Complete Coverage of the Mueller Report
2019-03-30,real,On Politics: The Biggest Stories of the Week
2019-04-29,real,On Politics: Inside the Obama-Biden Relationship
2019-04-17,real,On Politics: Trump’s United Base of America
2019-05-03,real,On Politics: Pelosi Accuses Barr of Breaking the Law
2019-03-06,real,Germany’s New Political Divide
2019-03-23,real,On Politics: The Biggest Stories of the Week
2019-04-08,real,On Politics: Democrats and the Death Penalty
2019-04-26,real,"On Politics: ‘Sorry’ Is Not Enough, Anita Hill Says"
2019-05-01,real,On Politics: Mueller Objected to Barr’s Description of His Findings
2019-04-11,real,Political Ads on Facebook
2019-05-06,real,On Politics: Trump Says Mueller Should Not Testify
2019-04-10,real,On Politics: The U.S. Is Not as ‘Full’ as Trump Thinks
2019-05-01,real,On Politics: Mueller Objected to Barr’s Description of His Findings
2019-04-09,real,On Politics: Trump’s Purge of Homeland Security
2019-04-05,real,On Politics: Trump Goes After Biden
2019-04-02,real,Biden’s Tactile Politics Threaten His Return in the #MeToo Era
2019-03-18,real,On Politics: The Pro-Pot Primary
2019-01-10,real,The Political Benefits of Shutting It Down
2019-01-17,real,Nancy Pelosi’s Political Flex
2019-04-24,real,On Politics: Supreme Court Hears Census Citizenship Question
2019-03-16,real,On Politics: The Biggest Stories of the Week
2019-03-06,real,On Politics: Trump’s Checks to Cohen
2019-02-28,real,On Politics: Michael Cohen Testifies
2019-04-18,real,Politics Lost in Translations
2019-04-07,real,"Democrats Rethink the Death Penalty, and Its Politics"
2019-04-11,real,On Politics: Barr to Look Into F.B.I. ‘Spying’ on Trump Campaign
2019-04-16,real,On Politics: Trump’s Trade Style Could Cost U.S.
2019-01-26,real,On Politics: The Biggest Stories of the Week
2019-03-19,real,On Politics: Trump’s History With Deutsche Bank
2019-04-01,real,Notable Deaths 2019: Politics and Public Affairs
2019-04-16,real,On Politics: Trump’s Trade Style Could Cost U.S.
2019-03-19,real,On Politics: Trump’s History With Deutsche Bank
2019-03-12,real,On Politics: Pelosi Says Impeachment Is ‘Not Worth It’
2019-03-13,real,On Politics: Mueller Has Washington Spinning
2019-03-02,real,On Politics: The Biggest Stories of the Week
2019-02-02,real,On Politics: The Biggest Stories of the Week
2019-03-09,real,On Politics: The Biggest Stories of the Week
2019-01-12,real,On Politics: The Biggest Stories of the Week
2019-01-05,real,On Politics: The Biggest Stories of the Week
2019-03-20,real,On Politics: Pompeo’s Iran Plan Deepens Tensions
2019-01-05,real,On Politics: The Biggest Stories of the Week
2019-02-28,real,"On Politics With Lisa Lerer: CPAC, Trumpified"
2019-01-19,real,On Politics: The Biggest Stories of the Week
2019-03-21,real,On Politics: Fed Says No Rate Increases in 2019
2019-04-04,real,On Politics: Investigators for Mueller Say Barr Underplayed Report
2019-03-13,real,Antitrust Returns to American Politics
2019-02-23,real,On Politics: The Biggest Stories of the Week
2019-04-16,real,Trump’s History of Using 9/11 for Political Attacks
2019-04-03,real,On Politics: Trump Backs Off Health Care Fight
2019-03-14,real,On Politics: Beto O’Rourke Enters 2020 Race
2019-03-15,real,On Politics: Senate Rejects Trump’s National Emergency
2019-02-17,real,Do Women in Politics Face a Double Standard?
2019-01-03,real,Is ‘Likability’ in Politics Sexist? Yes. It’s Also Outdated.
2019-03-26,real,"On Politics: With Mueller Inquiry Over, Trump Goes on the Offensive"
2019-02-16,real,On Politics: The Biggest Stories of the Week
2019-03-28,real,On Politics: Inside the White House Fight Over Obamacare
2019-02-11,real,On Politics With Lisa Lerer: The Sexism Shield
2019-02-27,real,The Deepening ‘Racialization’ of American Politics
2019-03-31,real,Political Handlers With Trump Ties Take Their Election Playbooks to Africa
2019-04-25,real,The Latest: Lawyer: Prosecution of Judge Is 'Political'
2018-12-18,real,On Politics: New Details on Russia’s Efforts to Influence American Politics
2019-04-04,real,"Wisconsin, Ground Zero for 2020 Politics, Looks Like a Tossup Again"
2019-03-27,real,On Politics: Democrats Pivot to Protecting Affordable Care Act
2019-05-05,real,Home State Politics Complicate Message for Some 2020 Dems
2018-12-22,real,On Politics: The Biggest Stories of the Week
2019-02-21,real,"If You Think the Oscars Have Gotten More Political, Here’s Why You’re Right"
2019-04-02,real,On Politics: White House Staffer Alleges Security Clearance Irregularities
2019-03-22,real,On Politics: Trump’s Tweet Reverses Decades of Policy on Israel
2019-03-04,real,On Politics: Behind the Failed Trump-Kim Summit
2019-03-01,real,On Politics: Trump Ordered Kushner’s Security Clearance
2019-02-24,real,"No Sex, No Politics, No Risk"
2018-12-22,real,On Politics: The Biggest Stories of the Week
2019-04-12,real,"On Politics: Julian Assange, Now in Custody, Faces U.S. Hacking Charge"
2019-02-09,real,On Politics: The Biggest Stories of the Week
2019-03-01,real,Michael Cohen’s Testimony Opens New Phase of Political Turbulence for Trump
2019-03-04,real,2nd Trudeau Minister Resigns as Canada’s Political Crisis Swells
2019-04-02,real,On Politics: White House Staffer Alleges Security Clearance Irregularities
2019-04-23,real,How the Supreme Court’s Decision on the Census Could Alter American Politics
2019-02-13,real,On Politics: Trump ‘Not Happy’ With Border Deal
2019-04-12,real,"On Politics: Julian Assange, Now in Custody, Faces U.S. Hacking Charge"
2018-11-17,real,These Americans Are Done With Politics
2019-03-07,real,Thai Political Party That Nominated King’s Sister Is Dissolved
2019-02-14,real,On Politics: Trump Moves Toward Border Deal
2019-02-19,real,On Politics: Bernie Sanders Announces 2020 Bid
2019-02-07,real,On Politics: Scandals Deepen for Virginia Democrats
2019-05-01,real,The Latest: Powell Says Politics Not Part of Policy Decision
2019-03-01,real,Trudeau Promised a Fresh Approach to Politics. Now He’s Embroiled in Scandal.
2019-02-19,real,Justin Trudeau’s Political Crisis Widens as Top Aide and Friend Resigns
2019-02-26,real,"On Politics: In 2020, Should Democrats Head North or South?"
2019-03-07,real,On Politics: Trade Deficit Hits Record $891 Billion
2019-02-14,real,On Politics: Trump Moves Toward Border Deal
2019-02-19,real,On Politics: Bernie Sanders Announces 2020 Bid
2019-02-18,real,On Politics: Trump’s Emergency Declaration Divides Republicans
2018-12-15,real,On Politics: The Biggest Stories of the Week
2019-03-29,real,Canada’s Former Justice Minister Warned About Political Fallout for Trudeau
2019-05-01,real,Turner Prize Shortlist Promotes Political Artists
2019-05-01,real,The Latest: Powell Says Politics Not Part of Policy Decision
2019-02-04,real,The Empty Quarters of U.S. Politics
2019-02-23,real,The Political Playbook of a Bankrupt California Utility
2019-02-08,real,On Politics: ‘Green New Deal’ Plan Is Unveiled
2019-05-01,real,The Latest: More Clashes in Venezuela's Political Crisis
2019-02-04,real,The Empty Quarters of U.S. Politics
2019-02-13,real,"Bad Policy, Good Politics"
2019-01-07,real,"For Some, the Shutdown Isn’t About Politics. It’s About Bills and Groceries."
2019-03-29,real,"Review: In ‘The Tragedy of Julius Caesar,’ the Political Thrill Is Gone"
2019-02-05,real,On Politics: Scandal Splits Top Virginia Democrats
2019-02-23,real,"After Terror, Polarizing Politics in India"
2019-04-24,real,"In Rohingya Camps, a Political Awakening Faces a Backlash"
2018-10-12,real,Subscribe to the 'On Politics’ Newsletter
2019-02-21,real,On Politics: A Climate Denialist on Trump’s Climate Change Panel
2018-10-12,real,Subscribe to the 'On Politics’ Newsletter
2019-04-30,real,Factbox: The Main Political Parties in South Africa's Election
2019-01-17,real,On Politics: Will the Shutdown Delay the State of the Union?
2019-05-03,real,'Political Chaos' Envelops Tennis as French Open Approaches
2019-02-15,real,On Politics: Trump Plans Emergency Declaration to Build Wall
2019-01-30,real,The ‘Rotten Equilibrium’ of Republican Politics
2019-05-02,real,"Q&A: Theron, Rogen on the Comedy of Politics, and Vice Versa"
2019-01-09,real,On Politics: Trump’s Prime-Time Gamble
2019-02-22,real,On Politics With Lisa Lerer: A Chat With Dan Crenshaw
2019-01-23,real,On Politics With Lisa Lerer: The Kamala Harris Factor
2019-01-09,real,On Politics: Trump’s Prime-Time Gamble
2019-05-02,real,"Q&A: Theron, Rogen on the Comedy of Politics, and Vice Versa"
2019-01-08,real,On Politics: Americans Feel Shutdown’s Bite
2019-01-19,real,"For Trump, the Political Is the Personal"
2019-05-01,real,Is an Attorney General Independent or Political? Barr Rekindles a Debate
2018-10-13,real,On Politics: The Biggest Stories in American Politics This Week
2019-01-01,real,On Politics: Elizabeth Warren Is Running for President
2019-01-25,real,On Politics: Two Bills to End Shutdown Fail
2019-02-13,real,The Political Magic of Us vs. Them
2018-10-13,real,On Politics: The Biggest Stories in American Politics This Week
2019-04-29,real,"After Inconclusive Vote, Spain's Political Future Still Hazy"
2019-01-25,real,On Politics: Two Bills to End Shutdown Fail
2018-12-19,real,On Politics: The End of the Trump Foundation
2019-01-20,real,Politics and the L Train
2018-12-10,real,On Politics: The Race to Avert a Shutdown
2019-01-28,real,On Politics: Did the Shutdown Hurt Trump’s 2020 Chances?
2018-12-01,real,Jon Meacham: George H.W. Bush and the Price of Politics
2019-01-04,real,On Politics: Democrats Take Over the House
2019-01-03,real,On Politics: Trump Rejects Shutdown Compromise
2019-02-05,real,"With Northam Picture, Obscure Publication Plays Big Role in Virginia Politics"
2019-02-01,real,On Politics: Trump Says Border Talks Are a ‘Waste of Time’
2019-04-28,real,Playing Politics With Women’s Lives
2019-01-24,real,On Politics With Lisa Lerer: Is Trump Losing the Fight?
2018-12-28,real,Trump Iraq Visit Is Called a Political Rally
2018-12-05,real,"The Father, the Son and the Sins of Italian Politics"
2019-04-30,real,Venezuela's Political Crisis Exposes Policy Divisions in EU
2019-02-25,real,On Politics: Can Pompeo Keep Trump on Track With North Korea?
2019-02-22,real,On Politics: Trump and Advisers May Have Different Goals for North Korea
2019-01-21,real,On Politics: Democrats Reject Trump’s Deal on Dreamers
2019-01-14,real,The Gender Politics of Fasting
2019-01-07,real,On Politics: Bolton Puts Conditions on a Syria Withdrawal
2019-04-24,real,"Divided on Impeaching Trump, Democrats Wrestle With Duty and Politics"
2019-01-11,real,On Politics: White House Digs In on Wall Demands
2019-01-30,real,On Politics: Intelligence Chiefs Rebut Trump on Iran and North Korea
2019-05-02,real,Baltimore Shifts to New Political Era After Mayor Resigns
2019-02-02,real,When Blackface Photos Cause Political Storms
2019-01-23,real,On Politics: Senate Offers Glimmer of Hope for End to Shutdown
2019-01-31,real,On Politics: Trump Calls His Own Intelligence Officials ‘Naïve’
2019-04-29,real,"Behind the Counter, a New Political Force Takes On The New York Post and Trump"
2019-01-29,real,On Politics: A Pro-Israel Bill Also Aims to Divide Democrats
2019-02-14,real,"Blaming Political Climate, Trumps Give Up on New Hotels"
2018-11-21,real,Politics Isn’t Pretty. But Politicians Are. 
2019-05-05,real,Trump Slams Kentucky Derby Result as 'Political Correctness' After Disqualification
2019-03-15,real,Boeing’s Political Ties and the Decision to Ground the 737 Max
2019-04-29,real,Faltering Brexit Talks Limp on Amid UK Political Impasse
2019-02-20,real,CNN Is Criticized for Hiring Trump Administration Aide as a Political Editor
2019-02-14,real,On Politics With Lisa Lerer: This Quiet Change Could Be a Big Deal in 2020
2018-12-03,real,On Politics: A Trade War Truce
2018-12-08,real,On Politics: The Biggest Stories of the Week
2018-11-29,real,"Australia’s ‘Hollowed Out’ Politics, Explained"
2019-02-02,real,Germany Wants More Women in Politics. But Quotas Are a Bad Idea.
2018-12-03,real,On Politics: A Trade War Truce
2018-12-08,real,On Politics: The Biggest Stories of the Week
2018-12-06,real,On Politics: A Nation Remembers President Bush
2019-03-09,real,How Congress Is Weaponizing a Series of Hot-Button Votes
2018-12-07,real,Immaturity in American Politics
2019-05-05,real,‘S.N.L.’ Welcomes Adam Sandler Back and (Mostly) Avoids Politics
2018-11-07,real,On Politics: The Rundown on Election Results
2018-07-09,real,"If the Supreme Court Is Nakedly Political, Can It Be Just?"
2019-03-09,real,How Congress Is Weaponizing a Series of Hot-Button Votes
2019-05-05,real,‘S.N.L.’ Welcomes Adam Sandler Back and (Mostly) Avoids Politics
2019-02-12,real,Newsom Declares Border Crisis ‘Political Theater’ and Withdraws Troops
2018-10-30,real,The Political Center Keeps Losing
2019-04-17,real,A President of the People or a President of His People?
2019-03-26,real,Justices Display Divisions in New Cases on Voting Maps Warped by Politics
2019-01-10,real,On Politics: Trump Still Considering Emergency Plan for Border Wall
2019-04-03,real,Part 3: The Future of Fox: An Even More Powerful Political Weapon
2018-10-11,real,"On Politics With Lisa Lerer: With Health Care, the Personal Becomes Political"
2019-04-29,real,"IMF: Mideast Economies Face Volatile Politics, Oil Prices"
2019-05-03,real,Baltimore Shifts to New Political Era After Mayor Resigns
2018-12-06,real,France’s Combustible Climate Politics
2018-09-14,real,Modern Political Ideas
2019-01-10,real,On Politics: Trump Still Considering Emergency Plan for Border Wall
2018-12-20,real,On Politics: Trump Orders All Troops Out of Syria
2019-03-21,real,Missing Flowers and Bitter Politics Put a Damper on Afghan Nowruz Party
2019-02-13,real,"Citing Detective’s Death, de Blasio Scraps Political Trip to New Hampshire"
2018-11-29,real,On Politics With Lisa Lerer: After Mississippi
2018-11-08,real,"For Both Parties, a Political Realignment Along Cultural Lines"
2019-01-17,real,Politics Looms Over Empty Seats as Saudi Arabia Faces Qatar in Asian Cup
2018-11-29,real,On Politics With Lisa Lerer: After Mississippi
2019-01-17,real,Politics Looms Over Empty Seats as Saudi Arabia Faces Qatar in Asian Cup
2019-01-18,real,On Politics: Number of Children Separated From Parents May Be Much Higher
2019-03-06,real,Canadian Politics Aren’t Cute. They’re Corrupt.
2019-01-24,real,On Politics: Trump Says He’ll Delay State of the Union Until After Shutdown
2018-11-10,real,On Politics: The Biggest Stories of the Week
2018-11-17,real,The Psychology of Political Polarization
2019-05-02,real,Pepsi Withdraws Indian Potato Farmer Lawsuits After Political Pressure
2018-10-17,real,Neneh Cherry Never Stopped Taking Risks. Now She’s Making Politics Personal.
2018-12-28,real,"David M. O’Brien, Who Studied Supreme Court Politics, Dies at 67"
2019-01-05,real,Is America’s Political Future in San Antonio?
2019-05-02,real,Pepsi Withdraws Indian Potato Farmer Lawsuits After Political Pressure
2019-02-15,real,The Democrats’ Latest Political Misstep on Immigration
2018-11-03,real,How Political Ideology Influences Charitable Giving
2019-03-13,real,Justice Minister at Center of Trudeau Political Tempest Will Not Testify Again
2018-12-20,real,White Identity Politics Aren’t Going Anywhere
2018-12-11,real,On Politics: Midwest Republicans Fear Losing a Gerrymandered Advantage
2018-11-13,real,Germany’s Real Political Divide Is Generational
2019-02-21,real,"Julie Bishop Quits Australian Politics, Adding to Exodus of Conservative Women"
2019-04-27,real,"PBS Film 'KOREA' Eyes Social, Political Tolls of Korean War"
2018-11-06,real,On Politics With Lisa Lerer: Election Night
2019-03-15,real,How Trump’s Brand of Grievance Politics Roiled a Pennsylvania Campaign
2018-09-12,real,Politics and the Supreme Court
2018-10-27,real,On Politics: The Biggest Stories of the Week
2018-12-14,real,"Fred Greenstein, 88, Dies; Political ‘Psychologist’ Assessed Presidents"
2019-02-05,real,"Venezuela’s Opposition Plans to Deliver Aid, Undermining Maduro"
2018-12-10,real,"Political Poetry Is Hot Again. The Poet Laureate Explores Why, and How."
2019-04-12,real,Was Money to Help Women in Brazil’s Politics Funneled to Men?
2018-11-08,real,On Politics: Jeff Sessions Is Ousted as Attorney General
2019-03-01,real,A Gripping Political Mystery in Northern Ireland
2018-10-08,real,The Paranoid Style in G.O.P. Politics
2019-04-24,real,This Could Be One of Trump’s Biggest Political Victories
2019-02-08,real,Is Everyone in Washington Writing a Political Tell-All?
2018-10-20,real,On Politics: The Biggest Stories of the Week
2019-03-14,real,Attack on Government Minister Rattles New Zealand’s Friendly Politics
2019-03-09,real,"Bernie Sanders-Style Politics Are Defining 2020 Race, Unnerving Moderates"
2018-11-15,real,On Politics: Trump Supports a Rewrite of Mandatory Sentencing Laws
2018-10-24,real,Former Surgeons General Recount Political Pressure on the Job
2018-11-13,real,"On Politics: Behind Florida Recount Furor, a G.O.P. Strategy"
2019-05-06,real,U.S. Court Grants Stay in PDVSA Debt Cases Due to Venezuela 'Political Situation'
2018-12-21,real,"On Politics: Mattis Resigns Over Syria Plan, While Putin Praises It"
2018-12-12,real,On Politics: Trump Threatens Shutdown Over Funding for Border Wall
2018-11-13,real,"On Politics: Behind Florida Recount Furor, a G.O.P. Strategy"
2018-11-09,real,On Politics: Gunman Identified in Thousand Oaks Mass Shooting
2019-04-19,real,Mueller Findings Kick Off a Political Tug of War That’s Only Just Beginning
2018-10-08,real,John Kerry Describes Politics as It Used to Be
2018-10-06,real,On Politics: This Week’s Biggest Stories
2018-09-24,real,On Politics: Kavanaugh Nomination in Limbo
2018-10-29,real,In a Deep Blue or Red State? You Can Still Influence Politics 
2018-10-08,real,On Politics: Kavanaugh Takes His Seat
2018-12-13,real,On Politics: Tabloid Company Agrees to Cooperate in Trump Hush-Money Inquiry
2019-03-26,real,Barr’s Declaration on Trump Puts Justice Dept. Back in Political Crucible
2019-02-15,real,"Finally, the N.B.A. Comes to Charlotte"
2019-03-19,real,Canada’s Top Public Servant Is Fourth Official to Quit in Scandal Ensnaring Trudeau
2018-11-21,real,Questionable Political Moves
2018-12-04,real,"On Politics: Trump Calls Trade Truce a Success, but Doubts Linger"
2018-09-18,real,On Politics: Kavanaugh Hearing Scheduled
2018-09-17,real,On Politics: Kavanaugh’s Accuser Speaks
2018-11-29,real,On Politics: Pelosi Secures Nomination for Speaker but Needs Votes to Clinch
2018-11-02,real,On Politics: Trump’s Nationalism Is Repelling Some Suburban Voters
2018-11-29,real,On Politics: Pelosi Secures Nomination for Speaker but Needs Votes to Clinch
2018-11-02,real,On Politics: Trump’s Nationalism Is Repelling Some Suburban Voters
2018-11-27,real,On Politics: Trump and Mexico’s New Leader Square Off Over Migrants
2018-12-14,real,On Politics: Senate Votes to Withdraw U.S. Support for Saudi Arabia’s War in Yemen
2018-12-20,real,Senator Claire McCaskill on Losing Missouri and the Politics of Purity
2018-11-25,real,3 Savvy Comics Who Shine Where Sex and Politics Intersect
2018-11-14,real,On Politics: Democrats Continue to Gain as More Midterm Races Are Finalized
2019-01-26,real,"Michelle Goldberg on Politics, Writing and the Journalism Professor From Hell"
2018-10-26,real,"On Politics: As More Bombs Surface, Investigators Look to Florida"
2019-01-14,real,"Bangkok’s First Biennale: Politics, Temples and Sex"
2018-10-03,real,On Politics With Lisa Lerer: Midterm Conspiracies
2018-10-12,real,On Politics With Lisa Lerer: Asked and Answered
2019-01-26,real,"Michelle Goldberg on Politics, Writing and the Journalism Professor From Hell"
2019-01-14,real,"Bangkok’s First Biennale: Politics, Temples and Sex"
2019-03-31,real,Zuzana Caputova Is Elected Slovakia’s First Female President
2018-12-05,real,"On Politics: After Briefing, Senators Say Saudi Prince’s Guilt Is Clear"
2018-10-10,real,On Politics: Nikki Haley to Resign as Ambassador to the U.N.
2018-10-31,real,On Politics: Trump Wants to End Birthright Citizenship With Executive Order
2018-09-21,real,On Politics: Kavanaugh Hearing Negotiations Continue
2018-10-08,real,On Politics With Lisa Lerer: ‘A Revitalization of Democracy’
2019-03-08,real,A Risk Starbucks Won’t Mention: Howard Schultz Could Help Trump
2018-11-30,real,"On Politics: Pleading Guilty, Cohen Details Moscow Trump Tower Talks"
2018-11-27,real,"Cancer Pushes New York’s ‘First Girlfriend,’ Sandra Lee, Onto Political Stage"
2018-09-14,real,On Politics With Lisa Lerer: On to November
2018-09-05,real,Partisan Politics and Court Nominees
2018-09-22,real,On Politics: This Week’s Biggest Stories
2018-11-16,real,On Politics: Florida to Recount Senate Votes; Governor’s Race Nears End
2018-09-17,real,Kavanaugh and the Politics of Bad Faith
2018-11-01,real,Who’s to Blame for American Political Violence?
2019-04-06,real,"Bonded by Service, Freshman Veteran Democrats Are an Occasional Thorn in Their Party’s Side"
2019-02-22,real,"John Legend on Kanye West, Making Political Music and Morality in Art"
2018-11-11,real,Should the Press Boycott Trump? Political Strategists Weigh In
2018-10-19,real,On Politics: Trump Says He Believes Khashoggi Is Dead
2019-04-16,real,Aung San Suu Kyi Has a New Target: Political Satire
2018-11-01,real,13 Political Secrets People Kept From Family and Friends. What’s Yours? 
2019-05-01,real,"'Long Shot' Pairs Charlize Theron, Seth Rogen in Political Romance"
2018-10-04,real,On Politics With Lisa Lerer: Reality Check
2018-10-30,real,On Politics: Pittsburgh Massacre Happened Amid Rise in Anti-Semitism
2018-10-11,real,"Daniel Patrick Moynihan, the Anti-Trump of American Politics"
2019-01-17,real,The Fight Over Men Is Shaping Our Political Future
2019-02-21,real,A Green New Deal Is Technologically Possible. Its Political Prospects Are Another Question.
2018-10-02,real,On Politics With Lisa Lerer: War of the Sexes
2019-04-06,real,"Bonded by Service, Freshman Veteran Democrats Are an Occasional Thorn in Their Party’s Side"
2019-03-25,real,Iraq Ferry Accident Sets Off Political Upheaval in Mosul
2018-10-04,real,On Politics With Lisa Lerer: Reality Check
2018-12-05,real,When Does Political Art Cross the Line?
2018-09-28,real,"On Politics: An Emotional Hearing, With the Supreme Court at Stake"
2019-03-28,real,How the Battle Over Israel and Anti-Semitism Is Fracturing American Politics
2018-09-25,real,On Politics: Kavanaugh Says He Won’t Be ‘Intimidated’
2018-10-17,real,On Politics: Khashoggi Case Jeopardizes Trump’s Plans to Punish Iran
2018-08-16,real,Trump and the Politics of Arf
2018-09-26,real,On Politics: Trump Accuses Democrats of a ‘Con Game’
2019-03-28,real,How the Battle Over Israel and Anti-Semitism Is Fracturing American Politics
2018-09-25,real,On Politics: Kavanaugh Says He Won’t Be ‘Intimidated’
2018-09-19,real,On Politics With Lisa Lerer: A Moment for Women
2018-10-17,real,On Politics: Khashoggi Case Jeopardizes Trump’s Plans to Punish Iran
2018-10-10,real,Should Celebrities Weigh In on Politics?
2018-10-04,real,On Politics: Republicans Condemn Trump’s Mockery of Kavanaugh Accuser
2018-09-10,real,We’re Trying Something New. This Is ‘On Politics.’
2018-10-30,real,So You Have to Talk to Your Parents About Politics ...
2018-09-10,real,We’re Trying Something New. This Is ‘On Politics.’
2018-10-25,real,How 1994 Gave Us Today’s Politics
2018-09-11,real,On Politics: A Plan to Roll Back Methane Rules
2018-10-04,real,On Politics: Republicans Condemn Trump’s Mockery of Kavanaugh Accuser
2019-01-25,real,Border Wall Is Out of Sync With the Southwest’s Changing Politics
2018-10-19,real,The Orthodox Schism and the Spiritual Limits of Politics
2018-10-12,real,On Politics: Trump’s Fed Tirade Could Have Lasting Consequences
2018-10-02,real,On Politics: ‘Comprehensive’ Kavanaugh Inquiry Must End by Friday
2019-01-24,real,"‘Never Look Away’ Review: A Lush Adventure in Sex, Politics and Painting"
2018-09-13,real,On Politics: F.D.A. Cracks Down on Vape Makers
2018-10-25,real,"On Politics: Explosive Devices Sent to Hillary Clinton, Barack Obama and CNN"
2019-01-11,real,"Gillibrand Hires New Aides, Signaling Presidential Run Is Imminent"
2018-10-28,real,Sri Lanka’s Political Crisis Turns Deadly
2018-09-20,real,On Politics With Lisa Lerer: Her Story? Or Theirs?
2018-10-05,real,On Politics With Lisa Lerer: Inside Murkowski’s Vote on Kavanaugh
2018-10-15,real,On Politics With Lisa Lerer: Doing What She Can
2019-01-03,real,"Learning With: ‘In Newly Divided Government, Who Will Control the Political Agenda?’"
2019-02-28,real,"Ed Buck, Political Activist, Is Accused of ‘Predatory Sexual Encounters’ in Wrongful-Death Lawsuit"
2018-10-11,real,"Goodbye, Political Spin, Hello Blatant Lies"
2019-04-11,real,"German State Drops Investigation Into Political Artist, but Outcry Keeps Growing"
2018-10-11,real,"Goodbye, Political Spin, Hello Blatant Lies"
2018-09-07,real,The Violence at the Heart of Our Politics
2018-10-05,real,On Politics With Lisa Lerer: Inside Murkowski’s Vote on Kavanaugh
2019-02-27,real,How the Mind-Body Connection Is Rewiring Our Politics
2019-02-28,real,"Ed Buck, Political Activist, Is Accused of ‘Predatory Sexual Encounters’ in Wrongful-Death Lawsuit"
2018-09-27,real,On Politics: Trump Calls Kavanaugh Accusations ‘All False’
2018-10-31,real,Political Mailer Prompts Charges of Anti-Semitism
2018-10-10,real,On Politics With Lisa Lerer: They’re Running? Not Yet. (But Yes.)
2018-11-28,real,On Politics: Hyde-Smith Secures Her Mississippi Senate Seat in Win Over Espy
2018-08-01,real,Need a Politics Cleanse? Go Ahead and Treat Yourself.
2018-10-10,real,On Politics With Lisa Lerer: They’re Running? Not Yet. (But Yes.)
2018-09-03,real,Mike Capuano Is in the Political Fight of His Life 
2018-08-18,real,The Biggest Stories in American Politics This Week
2018-10-18,real,On Politics: Pompeo’s Handling of the Khashoggi Case Casts Him in a New Light
2019-04-30,real,Oprah 'Quietly Figuring Out' How to Wield Her Political Clout in 2020
2018-09-13,real,On Politics With Lisa Lerer: Florence and Maria
2018-10-05,real,On Politics: 2 Key Republicans Signal Satisfaction With Kavanaugh Inquiry
2019-02-23,real,Russian Spy or Hustling Political Operative? The Enigmatic Figure at the Heart of Mueller’s Inquiry
2018-09-18,real,On Politics With Lisa Lerer: Kavanaugh’s Midterm Effect
2018-06-27,real,Janus Decision Reins in Unions’ Political Power
2018-10-01,real,On Politics With Lisa Lerer: Jeff Flake’s #Me Moment
2019-04-02,real,‘It Just Went Poof’: The Strange Aftermath of Virginia’s Cascade of Political Scandals
2018-06-27,real,Janus Decision Reins in Unions’ Political Power
2018-09-27,real,On Politics With Lisa Lerer: He Litigated. She Persuaded.
2018-10-24,real,On Politics: Justice O’Connor Announces Battle With Dementia and Recusal From Public Life
2018-10-12,real,Israelis and Palestinians: How U.S. Politics Has Evolved
2018-09-14,real,On Politics: Paul Manafort Is Said to Be Near a Plea Deal
2018-10-09,real,On Politics: Trump Campaign Aide Sought to Create Fake Online Profiles
2018-10-28,real,Religion and Right-Wing Politics: How Evangelicals Reshaped Elections
2019-02-07,real,Virginia Political Crisis Grows for Democrats and Republicans
2018-09-21,real,On Politics With Lisa Lerer: ‘I Found My Voice’
2018-01-08,real,From ‘Fire and Fury’ to Political Firestorm
2018-12-05,real,"In Funeral of Pomp and Pageantry, Nation Bids Farewell to George Bush"
2019-01-02,real,"In Newly Divided Government, Who Will Control the Political Agenda?"
2019-01-12,real,Kamala Harris Is Hard to Define Politically. Maybe That’s the Point.
2018-07-31,real,The Politics of ‘White Threat’
2019-02-25,real,Han Kang’s Novel Is a Politically Tinged Eulogy for a Dead Sister
2018-11-30,real,Bernie Sanders Steps Out With His Favored Political Partner: His Wife
2018-08-22,real,A Day of Political and Legal Drama
2018-11-10,real,Republicans Dominate State Politics. But Democrats Made a Dent This Year.
2018-08-22,real,A Day of Political and Legal Drama
2018-09-26,real,"On Politics With Lisa Lerer: Trump, Kavanaugh and the ‘Con Job’"
2018-09-22,real,Google C.E.O. Denies Allegations of Political Bias in Search Results
2019-02-05,real,"Weekly News Quiz for Students: Super Bowl, Political Scandal, Polar Vortex"
2018-09-17,real,"On Politics With Lisa Lerer: For G.O.P., Kavanaugh Is a No-Win Situation"
2018-11-21,real,A Fact-Checker’s Guide to Thanksgiving Politics
2018-10-11,real,On Politics: Former F.B.I. Lawyer Says Rosenstein’s Proposal to Tape Trump Was No Joke
2018-10-30,real,"Horacio Cardo, Illustrator With a Political Edge, Is Dead at 74"
2018-10-09,real,On Politics With Lisa Lerer: Impeach Kavanaugh? Both Sides Are Up for the Fight
2019-01-08,real,"Ed Buck, Political Activist, Faces Questions Over 2nd Dead Man in His Home in 2 Years"
2018-09-28,real,On Politics With Lisa Lerer: How the Kavanaugh Hearing Resonated With Readers
2019-01-08,real,"Ed Buck, Political Activist, Faces Questions Over 2nd Dead Man in His Home in 2 Years"
2018-11-30,real,Interior Secretary Unleashes Extraordinary Attack on Democratic Lawmaker
2019-04-29,real,"In ‘Spring,’ Ali Smith’s Series Takes Its Most Political Turn"
2018-09-05,real,Ayanna Pressley’s Victory: A Political Earthquake That Reflects a Changed Boston
2019-01-08,real,"German Man Confesses to Hacking Politicians’ Data, Officials Say"
2018-10-26,real,How a Hugely Popular Pretzel Bun Became a Political Minefield
2018-08-17,real,"In a Divided Era, One Thing Seems to Unite: Political Anger"
2018-09-05,real,Personal Loyalty. Political Whispers. And Edie Falco.
2018-07-05,real,Germany’s Political Crisis Has Just Begun
2018-12-05,real,"As OPEC Meets, Sizing Up Its Power and Its Politics"
2018-10-26,real,How a Hugely Popular Pretzel Bun Became a Political Minefield
2018-09-05,real,Personal Loyalty. Political Whispers. And Edie Falco.
2018-12-20,real,"Shan Goshorn, Whose Cherokee Art Was Political, Dies at 61"
2019-01-07,real,"With Elizabeth Warren Visit, Iowans Get the First Taste of 2020: ‘I’m Ready to Be Convinced’"
2019-01-09,real,"Rod Rosenstein, a Tough-on-Crime Conservative Thrust Into a Political Maelstrom"
2018-09-25,real,On Politics With Lisa Lerer: Jerry Brown Says We’re Doomed
2018-10-16,real,On Politics: Trump Says Saudi Journalist May Have Been Victim of ‘Rogue Killers’
2019-02-13,real,The Strange Experience of Being Australia’s First Tech Billionaires
2018-12-14,real,"In Recent Poetry Collections, Weapons Made of Words"
2018-12-14,real,"In Recent Poetry Collections, Weapons Made of Words"
2018-11-16,real,How Alexandria Ocasio-Cortez Is Bringing Her Instagram Followers Into the Political Process
2019-02-14,real,"With Procedural Maneuver, House G.O.P. Elevates Anti-Semitism as Political Issue"
2019-03-08,real,"At an Arizona Ranch, Desert Beauty with a Side of Border Politics"
2019-02-15,real,Why the Amazon Deal Collapsed: A Tech Giant Stumbles in N.Y.’s Raucous Political Arena
2019-02-06,real,"Trump, Political TV’s Protagonist, Now Has to Share the Spotlight"
2018-12-18,real,On Politics With Lisa Lerer: Republicans Got Their Health Care Wish. It Backfired.
2018-09-18,real,‘Les Huguenots’ Puts Religious Politics at Center Stage
2019-01-06,real,"Deconstructing the Wall: Teaching About the Symbolism, Politics and Reality of the U.S.-Mexico Border"
2018-07-05,real,Political Polarization Takes Hold of the Supreme Court
2018-07-14,real,This Week’s Biggest Stories in American Politics
2018-11-29,real,Federal Employees Are Warned Not to Discuss Trump ‘Resistance’ at Work
2019-01-06,real,"Deconstructing the Wall: Teaching About the Symbolism, Politics and Reality of the U.S.-Mexico Border"
2018-10-15,real,"When Sears Was Everywhere: Espionage, Politics and Fine Art "
2019-03-04,real,"China Accuses Two Canadians of Spying, Widening a Political Rift"
2019-01-23,real,"Cambodia Ruler’s Recipe for Youth Appeal? An 8,900-Pound Rice Cake"
2018-09-26,real,Jacinda Ardern’s Progressive Politics Made Her a Global Sensation. But Do They Work at Home?
2019-03-15,real,"As Elections Near, Duterte Adds Dozens Seeking Office to His Deadly Drug List"
2018-08-04,real,The Biggest Stories in American Politics This Week
2019-01-30,real,What Soybean Politics Tell Us About Argentina and China
2018-08-14,real,Everyone Has A Political Secret. What’s Yours?
2018-10-15,real,"When Sears Was Everywhere: Espionage, Politics and Fine Art "
2018-08-04,real,The Biggest Stories in American Politics This Week
2018-09-09,real,"Affairs, Pheasant Feathers and White House Stays: 6 Big Money-in-Politics Scandals"
2018-12-03,real,Quiet Casualty of Sri Lanka’s Political Crisis: A Sugar Tax
2018-09-24,real,On Politics With Lisa Lerer: Congress Has a Bad Reputation. Kavanaugh Isn’t Helping.
2018-11-06,real,What Do North Korean Gymnastics Say About Kim Jong-un’s Politics?
2018-10-26,real,"For Transgender Americans, the Political Gets Even More Personal"
2018-06-07,real,A How-To Guide for Politics
2018-08-10,real,Oil and New Leadership Raised Hope in Guyana. But Political Rifts Are Resurfacing.
2019-05-02,real,"The Future of A.I., According to Three New Books"
2018-10-18,real,"Andrew Gillum, a Florida Insider Running as a Progressive Outsider"
2018-12-27,real,Inside Facebook’s Secret Rulebook for Global Political Speech
2018-07-28,real,The Biggest Stories in American Politics This Week
2019-02-13,real,How the Parkland Shooting Led to a Generation’s Political Awakening
2018-07-21,real,"Brazil’s Military Strides Into Politics, by the Ballot or by Force"
2019-01-10,real,"Before Trump, Steve King Set the Agenda for the Wall and Anti-Immigrant Politics"
2018-02-20,real,The Destructive Dynamics of Political Tribalism
2018-10-27,real,"Trump, at Charlotte Rally, Tries to Rebuild Political ‘Momentum’ by Reviving Old Attacks"
2018-09-12,real,On Politics With Lisa Lerer: A Blue Wave You Haven’t Heard About
2018-10-27,real,"Trump, at Charlotte Rally, Tries to Rebuild Political ‘Momentum’ by Reviving Old Attacks"
2018-09-12,real,On Politics With Lisa Lerer: A Blue Wave You Haven’t Heard About
2018-11-27,real,Greens Thrive in Germany as the ‘Alternative’ to Far-Right Populism
2019-01-19,real,"Faced With Tough Words From China, Taiwan Rallies Around Its Leader"
2018-11-01,real,Living in New York and Sick of Political Ads? Blame New Jersey
2018-11-02,real,How Do You Talk to Children About Politics These Days? Try These Books.
2019-02-27,real,Chicago Is Picking a New Mayor. Either Outcome Will Make History.
2018-09-08,real,Thoughts for Very Wealthy Political Donors
2018-09-05,real,Ayanna Pressley and the Might of the Black Political Left
2018-07-03,real,The Political Earthquake About to Hit Germany
2018-11-02,real,Bribery Accusations Deepen Turmoil in Sri Lanka
2018-06-04,real,Politics and the Olympics
2018-08-11,real,What’s in a Name? A Political Taste Treat
2018-08-24,real,Another Round in Australia’s Political Churn
2019-04-02,real,Trudeau and Liberal Party Expel 2 Ex-Ministers at Center of Storm
2018-09-04,real,California Today: A New Home for the Study of Politics
2018-10-17,real,New York Today: The Proud Boys and Politics
2018-07-14,real,A Romantic Turnaround for Two Political Scientists
2018-11-09,real,"In ‘Becoming,’ Michelle Obama Mostly Opts for Empowerment Over Politics"
2018-08-06,real,"‘Race Politics Is Back,’ but What Does That Mean? "
2019-04-03,real,"If Trump Can Legally Block Critics on Twitter, Your Local Politician May Do It, Too"
2018-08-06,real,"‘Race Politics Is Back,’ but What Does That Mean? "
2018-12-12,real,A Poet Takes Aim at the Literary and Political Patriarchy
2017-12-09,real,The Scoundrel Theory of American Politics
2018-07-18,real,The Biggest Spender of Political Ads on Facebook? President Trump
2018-10-17,real,Fake News Is Poisoning Brazilian Politics. WhatsApp Can Stop It. 
2018-07-09,real,Trade Politics Comes to the County Fair
2018-06-01,real,How Robert Kennedy’s Assassination Changed American Politics
2018-08-24,real,"How a Political Machine Works: Candidates Running for 21 Seats, All Unaware"
2018-08-31,real,"In-N-Out’s Political Donation Attracts Boycott Calls, but Will It Matter?"
2018-06-11,real,"On Father’s Day, Skip the Politics"
2019-03-25,real,"2 Russian Military Planes Land in Venezuela, Exacerbating Political Tension"
2018-08-26,real,Duncan Hunter’s Political Promise Foiled by Hard Partying and a Corruption Scandal
2018-06-03,real,Some Good News — Seriously — About Politics
2018-11-02,real,Beto O’Rourke in Candle Wax. Ted Cruz in Acrylic. Meet the Crafters Who Love Politics.
2018-06-29,real,Here Are the Biggest Stories in American Politics This Week
2018-06-29,real,"As Their Publicists Cringe, Best-Selling Authors Enter the Political Fray"
2018-06-21,real,"A Day Care and a Dog Rescue Benefit: On Facebook, They Were Political Ads"
2018-05-30,real,Who’s Campaigning on Identity Politics?
2018-11-05,real,Review: A Sex Scandal Upends a Campaign in ‘The Front Runner’
2018-07-17,real,Obama Warns of ‘Strongman Politics’ After Trump’s Meeting With Putin
2018-12-11,real,A Short History of Political Red Faces Over Workers Without Green Cards
2018-09-29,real,How Do Christians Fit Into the Two-Party System? They Don’t
2018-11-21,real,Nick Ayers Is Rising Fast in Trump’s Washington. How Far Will He Go?
2019-02-14,real,Amazon’s Exit Forces a Reckoning for N.Y. Political Leaders
2018-10-24,real,‘Democrat. Fighter. Mother.’ Lucy McBath Is Redefining Social Justice in Politics.
2018-11-19,real,Two Pioneering Artists Discuss Motherhood and Machismo
2018-11-06,real,Why a Book Tour Is More Brutal Than a Political Campaign
2019-03-12,real,Feud Over Soccer Piracy Deepens as A.F.C. Ends BeIN Sports Contract
2018-09-22,real,Trump Galvanized a Movement of Women. Kavanaugh Is Testing It.
2018-06-02,real,The Californization of America
2019-03-12,real,Feud Over Soccer Piracy Deepens as A.F.C. Ends BeIN Sports Contract
2018-08-25,real,A Lot Happened This Week in American Politics. Here’s What You Need to Know. 
2018-10-27,real,"Sri Lanka’s President Suspends Parliament, Escalating Political Crisis"
2018-07-30,real,Infighting. Political Brawling. The New V.A. Secretary Is Inheriting a Mess
2018-05-30,real,Dinner Table Politics
2018-12-27,real,She Stood Up to Cuomo. Soon She’ll Be the First Woman to Lead the N.Y. Senate.
2018-10-26,real,Hungary Turned Far Right. That’s Meant Millions for Its Opera.
2019-01-17,real,Yalitza Aparicio of ‘Roma’ and the Politics of Stardom in Mexico
2018-10-31,real,"New Migrant Caravans Trek North, Ignoring Political Repercussions"
2018-11-15,real,What a Kenyan Slum Can Teach America About Politics
2018-01-26,real,Politics Shouldn’t Be Like Open Mic Night
2018-06-14,real,"To Keep Family Harmony, Don’t Talk Politics"
2018-11-09,real,"Country Music Will Talk About the Hurt, but Not the Politics"
2018-06-24,real,Politics Ensnare Mohamed Salah and Switzerland at the World Cup
2018-08-16,real,"Cut in Two, Genoa Finds Its Political Paralysis Now Eclipsed by Shock"
2018-12-06,real,Are Rural Voters the ‘Real’ Voters? Wisconsin Republicans Seem to Think So
2018-06-12,real,"In the Age of Trump, Mark Sanford’s Political Career Fades"
2018-09-07,real,Talking U.S. Politics and Mythical Beasts: The Canada Letter
2018-05-01,real,"Christian, Not ‘Political’"
2018-12-07,real,A Timely Dystopian Thriller With Sexual Assault and Political Corruption at Its Core
2018-05-01,real,"Christian, Not ‘Political’"
2018-05-25,real,Here Are the Biggest Stories in American Politics This Week 
2018-07-17,real,The Hidden (and Not So Hidden) Politics of the 2018 World Cup
2019-02-19,real,"Can a Republican Win a Citywide Race in N.Y.? Maybe, With Amazon’s Help"
2018-06-16,real,The Biggest Stories in American Politics This Week
2018-05-05,real,The Biggest Stories in American Politics This Week
2018-05-28,real,The Odd Political Alliance Behind Today’s Gerrymandering
2018-10-08,real,How The Times Avoids Conflicts of Interest in Book Reviews
2018-10-12,real,Michelle Obama Wanted Democrats to ‘Go High.’ Now They Aren’t So Sure.
2018-06-05,real,The California Primary as Gold Rush Politics
2018-11-04,real,"Shadow, and Support, of Government Follows Hungarian Opera"
2018-03-21,real,"A New Italy, Imagined by Artists and Demagogues"
2018-10-12,real,Michelle Obama Wanted Democrats to ‘Go High.’ Now They Aren’t So Sure.
2018-09-12,real,Review: ‘Reversing Roe’ Shows How Abortion Became Political
2018-06-21,real,‘Luke Cage’ Season 2: A New Villain and Respectability Politics
2018-10-02,real,"Review: ‘Moynihan’ Is a Conventional, Entertaining Political Documentary"
2019-04-15,real,How Ilhan Omar Fits Into Trump’s New Culture War
2018-06-22,real,The Week in Tech: Silicon Valley Gets Even More Political
2018-10-24,real,"In Two New Books, Unhappy Conservatives Ask: What Now?"
2018-09-12,real,Review: ‘Reversing Roe’ Shows How Abortion Became Political
2018-09-08,real,Twitter’s Flawed Solution to Political Polarization
2018-06-22,real,The Week in Tech: Silicon Valley Gets Even More Political
2018-09-25,real,"At the U.N., Trump Can’t Escape His Political Problems Back in Washington"
2018-06-09,real,The Biggest Stories in American Politics This Week
2018-11-20,real,"Rufus Wainwright and Ivo van Hove Talk Politics, Coming Out and Boarding School"
2018-10-04,real,"What Students Are Saying About: The Senate Hearing, Hobbies and Problematic Politics"
2018-06-01,real,Tech Was Supposed to Get Political. It’s Hanging Back in This Election.
2019-05-06,real,What Does ‘Electability’ Mean in the 2020 Race? Here Are 5 Theories
2017-11-29,real,When Politics Is Criminalized
2018-07-13,real,Nextdoor Is Betting a Social Network Can Still Be a Platform for Politics
2018-07-11,real,"Review: With Batsheva, Politics Inside and Outside the Joyce Theater"
2018-07-21,real,"Trump and Putin’s Meeting, the Aftermath and More Political Stories This Week"
2018-11-15,real,"European Court Vindicates Aleksei Navalny, Russian Opposition Leader"
2018-09-04,real,New York Today: Your Fall Political Preview
2018-06-02,real,Here’s What You Missed in American Politics
2018-10-29,real,‘The Fear Is Coming Back’ as Political Crisis Brings Sri Lanka to Brink
2018-02-05,real,Our Hackable Political Future
2018-09-02,real,"Political Year of the Woman? Been There, Done That, Oregon Says"
2018-10-20,real,Republicans Find a Facebook Workaround: Their Own Apps
2018-06-28,real,Alexandria Ocasio-Cortez Emerges as a Political Star
2018-10-26,real,What Our Extremist Politics Owe to Batman and Captain America
2018-02-05,real,Our Hackable Political Future
2018-10-26,real,Sri Lanka Faces Constitutional Crisis as President Unseats Prime Minister
2018-12-13,real,Chris Hayes’s Work Diary: ‘My Life Is an Unceasing Festival of Impatience’
2019-01-28,real,"Chris Christie’s Memoir Praises Trump, but Says, ‘I Told You So’"
2018-09-14,real,"For His Next Act, a Ukrainian Rock Star Looks to Politics"
2018-11-24,real,Marrying Him Was Political. Sponsoring His Visa Is for Love.
2018-11-22,real,N.Y. Democrats Vowed to Get Big Money Out of Politics. Will Big Money Interfere?
2018-07-10,real,A Mythical River Flows Through Indian Politics
2018-12-31,real,N.Y.’s New Attorney General Is Targeting Trump. Will Judges See a ‘Political Vendetta?’
2019-01-28,real,"Chris Christie’s Memoir Praises Trump, but Says, ‘I Told You So’"
2018-07-30,real,The Maps That Show That City vs. Country Is Not Our Political Fault Line 
2019-04-08,real,Trump’s Tradition of Broken Traditions
2019-05-02,real,Voters Like Joe Biden. But Are They in Love?
2018-06-26,real,Why Are So Many Political Parties Blowing Up? (Part 1)
2018-10-12,real,Migration and the Far Right Changed Europe. A German Vote Will Show How Much.
2018-05-12,real,Here Are the Biggest Stories in American Politics This Week
2018-09-14,real,Bombs and Bank Robberies: A Political Novel of the 1960s
2018-08-03,real,Notable Deaths 2018: Politics and Public Affairs
2018-08-03,real,Notable Deaths 2018: Politics and Public Affairs
2018-11-26,real,"Amid New York’s Blue Wave, a Republican County Resists"
2017-12-08,real,Can Steve Bannon Realign American Politics?
2019-04-25,real,Biden’s Campaign Will Test These 4 Ideas
2018-11-16,real,The Week in Tech: Amazon Finally Makes an HQ2 Decision
2018-04-28,real,Here Are the Biggest Stories in American Politics This Week 
2018-05-10,real,"These Women Mostly Ignored Politics. Now, Activism Is Their Job."
2018-05-30,real,"Dick Tuck, Democrats’ Political Prankster in Chief, Dies at 94"
2018-04-05,real,Buzzed: The Politics of Hair
2018-10-24,real,Politics for Dessert: How Ben & Jerry Are Trying to Flip Congress
2018-04-28,real,Here Are the Biggest Stories in American Politics This Week 
2019-03-14,real,"2 Days in Congress, 3 Trump Rejections"
2018-07-03,real,Where American Politics Can Still Work: From the Bottom Up
2018-07-20,real,Rep. John Faso Responds: Rap Music and Politics
2018-04-12,real,Signs of a Political Armageddon
2018-08-29,real,New York Today: When Acting Meets Politics
2018-06-29,real,"In U.S. and Europe, Migration Conflict Points to Deeper Political Problems"
2018-07-05,real,"Ed Schultz, Blunt-Spoken Political Talk-Show Host, Dies at 64"
2018-10-02,real,Amazon’s Wage Increase Comes Down to Cost vs. Political Capital for Investors
2018-05-13,real,What the Fastest Growth in the U.S. Means for Idaho Politics
2018-05-13,real,What the Fastest Growth in the U.S. Means for Idaho Politics
2018-09-15,real,"Boris Johnson, Eyes on Downing Street, Sets Political Fires"
2018-08-06,real,‘There’s No Law’: Political Crisis Sends Nicaraguans Fleeing
2018-05-04,real,Giuliani May Have Exposed Trump to New Legal and Political Perils
2018-10-16,real,"Pompeo, Politics, Charlottesville: Your Tuesday Evening Briefing"
2018-06-12,real,Trudeau’s Challenge: Managing Trump and Domestic Politics
2019-02-08,real,Jeff Bezos Said He Was a Victim of Extortion and Blackmail. What’s the Difference?
2019-01-18,real,Qatar Cuts Through Tension and Defenders to Beat Saudi Arabia
2018-08-29,real,Democratic Embrace of Diverse Candidates Collides With Barbed Politics of Trump Era
2019-04-01,real,Joe Biden in the Modern Age
2018-04-06,real,The Biggest Stories in American Politics This Week
2019-04-01,real,Joe Biden in the Modern Age
2018-08-29,real,Democratic Embrace of Diverse Candidates Collides With Barbed Politics of Trump Era
2018-08-28,real,Judges’ Ruling on Election Map Plunges North Carolina Politics Into Disarray
2018-09-29,real,Florence Silenced North Carolina’s Political Rancor. But for How Long?
2018-06-04,real,First Draft on Politics: A Special Edition for the California Primaries
2018-09-09,real,Andrew Cuomo Owes Cynthia Nixon an Apology
2018-07-18,real,When Did Talking About the Weather Become Political?
2018-10-26,real,"Living in a Van Plastered With Hate, Bombing Suspect Was Filled With Right-Wing Rage"
2018-11-06,real,"Muriel Manings, Dancer in a Politically Charged Era, Dies at 95"
2019-03-28,real,The Buttigieg Boomlet
2018-08-03,real,"Murder, Politics and Architecture: The Making of Madison Square Park"
2019-03-18,real,Elizabeth Warren Is Running an Ideas-First Campaign. Will It Work?
2019-02-25,real,California Doesn’t Like Trump. But It May Need Him.
2018-10-08,real,Taylor Swift Gets Political and More: Your Monday Pop Culture Cheat Sheet
2018-07-23,real,Trump’s New Target in the Politics of Fear: Citizenship 
2018-07-25,real,Brian Kemp Wins Georgia G.O.P. Runoff for Governor to Face Stacey Abrams
2018-07-30,real,"In Florida, Not All Politics Are Local, as Trump Shapes Governor’s Race"
2018-09-01,real,Ayanna Pressley Seeks Her Political Moment in a Changing Boston
2018-09-05,real,Delaware’s Heated Senate Race Threatens to Rip Apart Its Centrist Political Fabric
2018-10-31,real,‘The Front Runner’: When Sex in Politics Had the Power to Shock
2018-02-20,real,Kenya’s Political Turmoil Is a Tale of Fathers and Sons
2018-08-31,real,Beto O’Rourke Dreams of One Texas. Ted Cruz Sees Another Clearly.
2018-04-22,real,Inside One of America’s Ugliest Political Feuds: Cuomo vs. de Blasio
2018-04-03,real,A Wave of Young Women Running Campaigns (and Changing Politics)
2019-03-07,real,Revenge of the Moderates
2019-02-28,real,"Decision for 2020 Democrats: Should They Get in the Race Early, or Really Early?"
2017-11-01,real,Australia Has a Climate Change Lesson for the World
2019-02-06,real,The Right-Wing Pundit ‘Hashtag Triggering’ France
2018-07-10,real,"Brett Kavanaugh, a Conservative Stalwart in Political Fights and on the Bench"
2018-04-26,real,"For Catalans, a Day of Books, Roses and, of Course, Politics"
2018-08-31,real,Beto O’Rourke Dreams of One Texas. Ted Cruz Sees Another Clearly.
2018-10-10,real,"A Hurricane’s Coming, but Fear Not, the Governor Is Here. And Here. And Here."
2018-04-21,real,The Biggest Stories in American Politics This Week
2018-04-06,real,"The Gendered Politics of Andrew Cuomo, Emasculator in Chief"
2018-12-08,real,Heather Nauert’s Pick as U.N. Envoy Hints at Reshaping of the Role
2018-05-31,real,"A Look at Dinesh D’Souza, Pardoned by Trump"
2018-11-02,real,"How Alexander Hamilton Inspired Bertram Baker, Brooklyn’s First Black Elected Official"
2018-03-13,real,"For Cuomo, a ‘Personally Painful’ Conviction Also Hurts Politically"
2018-07-31,real,Facebook Identifies an Active Political Influence Campaign Using Fake Accounts
2018-03-13,real,"For Cuomo, a ‘Personally Painful’ Conviction Also Hurts Politically"
2018-06-29,real,Crowley’s Loss Heralds an ‘End of an Era’: Last of the Party Bosses
2018-05-03,real,Industrial Revolutions Are Political Wrecking Balls
2018-09-03,real,Tech Giants Now Share Details on Political Ads. What Does That Mean For You?
2018-04-13,real,The Biggest Stories in American Politics This Week
2018-06-26,real,Must I Honor My Dad’s Gifts to Political Groups?
2018-07-31,real,Facebook Identifies an Active Political Influence Campaign Using Fake Accounts
2018-07-21,real,"Tabloid Company, Aiding Trump Campaign, May Have Crossed Line Into Politics"
2018-07-22,real,It’s Not Just the Tampon Tax: Why Periods Are Political
2018-03-02,real,From Gruesome Tragedy Emerges a New Life in Politics
2018-07-25,real,Don’t Let Politics Come Between Me and My Patients
2018-09-04,real,DealBook Briefing: Big Tech May Need to Swallow Its Political Pride
2018-06-06,real,Trump’s ‘Winning’ Is America’s Losing
2018-09-10,real,"Viral Videos Are Replacing Pricey Political Ads. They’re Cheaper, and They Work."
2018-06-05,real,Is Health Care Really a Winner for Democrats?
2018-07-21,real,"Tabloid Company, Aiding Trump Campaign, May Have Crossed Line Into Politics"
2018-06-23,real,"Kim Jong-pil, Political Kingmaker in South Korea, Dies at 92"
2018-01-20,real,The Political Mythbuster in Chief
2018-06-01,real,"Pipelines, the Stuff of Canadian Politics: the Canada Letter"
2019-03-11,real,The Privilege of Being Beto
2018-11-02,real,"How Randy Rainbow, Singing Political Satirist, Spends His Sundays"
2018-03-11,real,‘Toxic Culture’ Stymies Australian Politics’ #MeToo Moment
2018-11-05,real,Think You Care About the Midterms? These People Upended Their Lives to Volunteer
2018-05-30,real,Politics Making You Sweat? Try This Summer Quiz
2019-01-28,real,Is Howard Schultz a Candidate Without a Constituency?
2019-04-04,real,How Joe Biden’s Touching Resonated With Readers
2018-06-05,real,David Koch Steps Down From Business and Conservative Political Group
2018-06-23,real,Where Danes Butt Heads (Politely) With Their Leaders
2018-08-16,real,‘Weaponized Ad Technology’: Facebook’s Moneymaker Gets a Critical Eye
2018-06-01,real,Vulnerable Republicans See Immigration as Political Salvation
2018-03-20,real,"The Actress, the Governor and Performance Politics"
2018-12-04,real,"In City She Shook, Stormy Daniels Speaks About Path to ‘Full Disclosure’"
2018-07-11,real,"For Midterms, Supreme Court Political Drama Plays to Its Audience"
2018-11-01,real,"Did Max Boot Turn His Back on the Republican Party, or Did the Party Turn Its Back on Him?"
2018-06-28,real,Political War Over Replacing Kennedy on Supreme Court Is Underway
2019-03-25,real,How Much Does the Mueller Report Matter for the 2020 Race?
2018-12-02,real,U.S.-China Trade Truce Gives Both Sides Political Breathing Room
2018-06-21,real,It’s 2018: You Can Run for Office and Not Wear a Pantsuit
2019-01-22,real,Mitch McConnell Got Everything He Wanted. But at What Cost?
2018-04-10,real,Sudan’s President Orders Release of Political Prisoners
2018-04-10,real,Sudan’s President Orders Release of Political Prisoners
2018-10-01,real,Jemele Hill Is Joining The Atlantic and Ready to Talk Politics
2019-01-22,real,Mitch McConnell Got Everything He Wanted. But at What Cost?
2018-09-01,real,"Out of the Shadows, an Afghan Spy Chief Joins Presidential Politics"
2018-10-08,real,"For Aasif Mandvi, a 20-Year-Old Play Now Feels Like ‘Political Resistance’"
2018-09-17,real,"Can Ethiopia’s New Leader, a Political Insider, Change It From the Inside Out?"
2018-09-10,real,"Adam Clymer, Veteran Political Reporter and Pollster, Dies at 81"
2018-07-17,real,"Violent Extremist or Political Candidate? In Pakistan Election, You Can Be Both"
2018-04-06,real,Facebook to Require Verified Identities for Future Political Ads
2018-06-26,real,"As Election Season Ramps Up, What Do You Want to Ask Our Politics Editor?"
2018-04-06,real,Facebook to Require Verified Identities for Future Political Ads
2018-04-05,real,"Asian-Americans, a Sleeping Political Giant"
2018-05-29,real,Why Italy’s Political Turmoil Is Causing Financial Angst Elsewhere
2019-03-04,real,Can Larry Hogan Beat Trump? Can Any Republican?
2019-03-21,real,Vice President Season Starts Early for 2020 Democrats
2018-09-26,real,Female Candidates Calibrate Politics With Support for Kavanaugh Accusers
2018-07-24,real,"For Spies Emerging From the Shadows, a War With Trump Carries Risks"
2019-03-14,real,"Birch Bayh, 91, Dies; Senator Drove Title IX and 2 Amendments"
2018-10-02,real,"Iraq’s New Leaders Seen as Technocrats, in a Break From Sectarian Politics"
2018-07-03,real,"Germany’s Europe-Shaking Political Crisis Over Migrants, Explained"
2019-04-09,real,Democrats Used to Campaign. Now Everyone Has a ‘Movement.’
2019-04-23,real,"Joe Biden Looms, but Bernie Sanders Is Running His Own Race"
2018-10-12,real,New Jersey Governor’s Inner Circle Roiled by Sexual Assault Allegations Against Top Official
2018-05-21,real,Hillary and Bill Clinton Go Separate Ways for 2018 Midterm Elections
2018-03-09,real,‘We Should Unite’: Kenya’s Top Political Rivals Hold Surprise Meeting
2018-10-31,real,"Once at Guantánamo, 5 Senior Taliban Members Now Join Political Office in Qatar"
2018-07-20,real,"A Minister Fetes a Convicted Lynch Mob, and Many Indians Recoil"
2018-02-28,real,"Once Again, Push for Gun Control Collides With Political Reality"
2018-03-14,real,Talking Politics With the Self-Styled Bernie Sanders of Quebec
2018-08-23,real,How FireEye Helped Facebook Spot a Disinformation Campaign
2018-02-28,real,"Once Again, Push for Gun Control Collides With Political Reality"
2018-09-15,real,Protesters Shut Afghan Election Offices as Political Crisis Brews
2018-04-11,real,Can ‘Localism’ Restore Sanity to U.S. Politics?
2018-05-03,real,California Today: A Tech Company Wades Into Housing Politics
2018-08-23,real,How FireEye Helped Facebook Spot a Disinformation Campaign
2018-04-16,real,‘They Eat Money’: How Mandela’s Political Heirs Grow Rich Off Corruption
2019-01-31,real,Stacey Abrams and the Future of the Democratic Party
2018-07-31,real,A Census Question That Could Change How Power Is Divided in America
2018-06-23,real,Iraqi Political Alliance Unites a U.S. Friend and Foe
2018-07-26,real,Political Bubbles and Hidden Diversity: Highlights From a Very Detailed Map of the 2016 Election
2018-04-24,real,"Online or in Politics, ‘Backlash’ Is as Predictable as Weather"
2018-08-24,real,Australia’s Political Brawl Has Another Winner: A Popcorn Seller in Texas
2018-07-31,real,A Census Question That Could Change How Power Is Divided in America
2018-05-18,real,Did the Crusade for Human Rights Lead to More Inequality?
2018-07-26,real,Political Bubbles and Hidden Diversity: Highlights From a Very Detailed Map of the 2016 Election
2018-06-28,real,Australian Law Targets Foreign Interference. China Is Not Pleased.
2018-06-15,real,Why Trump Voters Supported Trump
2018-05-11,real,How to Be a Prophet of Doom
2018-05-26,real,"Herman D. Farrell Jr., a Fixture of New York Politics, Dies at 86"
2018-09-25,real,Is a New Russian Meddling Tactic Hiding in Plain Sight?
2019-01-14,real,Democrats Want to Run on Issues in 2020. But Does Beating Trump Matter Most?
2018-06-15,real,Why Trump Voters Supported Trump
2018-02-14,real,When You’re in Love With Your Political Opposite
2018-08-06,real,"As Hong Kong Clamps Down, a Tiny Political Party Finds Itself in the Spotlight"
2019-02-19,real,Can Bernie Still Lead His Own Revolution?
2018-06-03,real,"Pedro Sánchez, Spain’s New Leader, Returns From the Political Wilderness"
2018-04-06,real,‘The First Purge’ Trailer Hits Political Notes
2018-08-12,real,Wisconsin Faces a Political Crossroads Tuesday. Which Way Will It Go?
2018-06-26,real,"In Becerra, Conservative Christians Win With Liberal Legal Arguments"
2018-06-20,real,The Failed Ideology of Australia’s Conservatives
2018-05-14,real,Pence Is Trying to Control Republican Politics. Trump Aides Aren’t Happy.
2018-06-20,real,The Failed Ideology of Australia’s Conservatives
2018-03-19,real,"Cambridge Analytica, Trump-Tied Political Firm, Offered to Entrap Politicians"
2018-09-17,real,"With Rahm Emanuel Out, a Chicago Political Dynasty Looks to Take Back City Hall"
2018-04-25,real,North Korea’s Phony Peace Ploy
2018-02-28,real,"A Political Satire on Stage, and Not About Trump"
2018-08-26,real,"John McCain, War Hero, Senator, Presidential Contender, Dies at 81"
2018-12-20,real,A Chat With Progressive Leaders About the Future of the Left
2018-12-19,real,"A Predatory Congressman, His Jilted Lover and a Gilded Age Lawsuit That Foreshadowed #MeToo"
2018-02-09,real,The Mainstreaming of Political Memes Online
2018-02-09,real,"On ‘Big Brother,’ America Gets the Reality-TV Politics It Deserves"
2018-02-02,real,How Millennials Are Changing German Politics
2018-08-27,real,"In Russia, a Top University Lacks Just One Thing: Students"
2018-12-19,real,"A Predatory Congressman, His Jilted Lover and a Gilded Age Lawsuit That Foreshadowed #MeToo"
2018-06-29,real,Should We Worry About Trump’s Fawning Admiration of the Military?
2017-12-14,real,The Politics of #HimToo
2018-01-22,real,Empathize With Your Political Foe
2018-03-30,real,Let Us Catch You Up on the Biggest Stories in Politics This Week
2018-07-11,real,Kushner’s Firm Deepens Ties to Those With Business in Washington
2018-04-03,real,The Politically Progressive Faith of Martin Luther King
2018-01-29,real,"In Age of Trump, Political Reporters Are in Demand and Under Attack"
2018-10-30,real,"Female Candidates Break Barriers, Except When It Comes to Money"
2018-02-12,real,Politics Comes to the New York Runways
2018-04-19,real,Trailblazers in Politics and Civil Rights
2019-01-14,real,‘Everybody Counts in This Country’: A Chat With Julián Castro
2018-08-24,real,"Where Words Matter: Politics, Fiction, Romance, Scrabble"
2018-02-03,real,Trump’s Blood Sport Politics
2017-10-19,real,The First Totalitarian
2018-07-14,real,Forget Suits. Show the Tattoo. Female Candidates Are Breaking the Rules.
2018-02-16,real,"How Does a Political Reporter Write a Memoir? First, Read Books. A Lot of Books."
2018-10-30,real,"Female Candidates Break Barriers, Except When It Comes to Money"
2017-12-08,real,Al Franken’s Improbable Political Rise and Sudden Fall
2018-02-16,real,"How Does a Political Reporter Write a Memoir? First, Read Books. A Lot of Books."
2018-08-15,real,"Jahana Hayes Was Told She ‘Had No Chance.’ She, and Voters, Beg to Differ."
2017-10-19,real,The First Totalitarian
2017-12-29,real,2017: Our Reporters Reflect on Covering Washington and Politics
2018-06-28,real,"From New York’s Primary Upset to Polling Data, How The Times Is Covering the Elections "
2018-03-28,real,"Supreme Court, Again Weighing Map Warped by Politics, Shows No Consensus"
2017-11-24,real,"Consensus? No, Thanks. German Politics Suddenly Get Messy."
2017-06-20,real,Is North Carolina the Future of American Politics?
2018-03-28,real,"Supreme Court, Again Weighing Map Warped by Politics, Shows No Consensus"
2017-11-24,real,"Consensus? No, Thanks. German Politics Suddenly Get Messy."
2018-03-06,real,Italy’s Surging Populists Run Into a Political Muddle. But for How Long?
2018-04-09,real,Congestion Pricing Plan for Manhattan Ran Into Politics. Politics Won.
2017-11-22,real,Blast From the Past: The Current Political World Mirrors 2009
2018-01-12,real,The Delicate Politics of Chasing Owls
2018-03-01,real,"In a Gamble to Make Climate Change a Political Win, a Governor Pursues a Carbon Tax"
2018-06-11,real,The Power Politics of Gianni Infantino
2018-01-23,real,A Conservative Case for Identity Politics
2018-03-30,real,Kate Mara Takes On Another Political Death
2018-03-30,real,Kate Mara Takes On Another Political Death
2018-01-11,real,Treasury Inspector General Finds No Political Meddling in Tax Analysis
2018-11-06,real,Bipartisan Consensus: Everyone Is Anxious About the Election
2018-06-14,real,Facebook’s New Political Algorithms Increase Tension With Publishers
2018-04-25,real,A Professional Troublemaker’s Guide for Young Activists
2018-06-10,real,Documents Show Political Lobbying in Census Question About Citizenship
2017-09-18,real,Women in Politics
2018-12-05,real,The Alternative to Arms
2018-12-06,real,Bush and McCain Were Linked by a Fading Concept: Duty and Honor
2018-06-03,real,A Public Art Campaign Will Commission Political Billboards Across the Country
2018-04-25,real,A Professional Troublemaker’s Guide for Young Activists
2018-12-05,real,The Alternative to Arms
2018-01-03,real,Is Identity Politics the New Tribalism?
2018-06-25,real,Mexico’s Hardball Politics Get Even Harder as PRI Fights to Hold On to Power
2018-12-10,real,Why Can’t Trump Find a Chief of Staff? Ask His Family
2018-12-03,real,George Bush and the Right
2018-02-28,real,N.R.A. Logo? No. #MeToo Shirt? Maybe. Justices Weigh Political Apparel at Polls.
2018-11-19,real,These Divided States
2017-10-12,real,"In a Superstar City, Lackluster Politics"
2017-11-16,real,The Politics of Luxury
2018-04-11,real,Facebook Fallout Deals Blow to Mercers’ Political Clout
2017-11-16,real,The Politics of Luxury
2018-12-17,real,These Democrats Will Soon Have the Power to Investigate the White House. How Far Will They Go?
2018-06-01,real,Cuomo Finally Says the Obvious: He Backs the Transit Rescue Plan
2017-09-15,real,The Minuscule Importance of Manufacturing in Far-Right Politics
2018-11-26,real,A Choice for Mississippi
2017-06-29,real,The Problem With Participatory Democracy Is the Participants
2018-02-27,real,Parkland Massacre Thrusts Guns Into the Midterm Spotlight
2018-04-25,real,Protests Erupt Anew in Armenia Amid Political Deadlock
2018-07-07,real,"This Italian Town Once Welcomed Migrants. Now, It’s a Symbol for Right-Wing Politics"
2018-01-16,real,A Haven From Mexico’s Political Parties Hints at Their Decline
2018-02-27,real,Parkland Massacre Thrusts Guns Into the Midterm Spotlight
2017-09-15,real,The Minuscule Importance of Manufacturing in Far-Right Politics
2018-06-22,real,"Migration to Europe Is Slowing, but the Political Issue Is as Toxic as Ever"
2018-12-17,real,These Democrats Will Soon Have the Power to Investigate the White House. How Far Will They Go?
2018-01-26,real,Politically Outspoken Director of Queens Museum Steps Down
2018-03-15,real,Do You Think It Is Important for Teenagers to Participate in Political Activism?
2018-05-01,real,"Was Sheldon Silver Corrupt, or Was It Just Politics as Usual?"
2018-09-20,real,Shinzo Abe Gets One Step Closer to Becoming Japan’s Longest-Serving Premier
2017-10-08,real,"At Queens Museum, the Director Is as Political as the Art"
2018-05-01,real,"Was Sheldon Silver Corrupt, or Was It Just Politics as Usual?"
2018-02-06,real,How an N.F.L. Player’s Death Turned Into a Political Exhibit
2018-09-12,real,Did German Spy Chief Downplay Far-Right Violence? Parliament Wants to Know
2017-09-18,real,"And This Year, the Emmy Goes to … Politics"
2018-06-01,real,"Political Books Rule the List Now. What Was Selling 30, 40, 50 Years Ago?"
2018-04-26,real,"In Her New Work, a Public Poet Balances the Personal and Political"
2018-04-30,real,Creepy or Not? Your Privacy Concerns Probably Reflect Your Politics 
2018-05-14,real,"Jerusalem Embassy Is a Victory for Trump, and a Complication for Middle East Peace"
2018-03-01,real,"Review: ‘Educated,’ by Tara Westover"
2018-05-31,real,"Science and Sports, History and Health, Politics and Pop Culture: A Year of Our ‘Article of the Day’ Feature"
2018-06-19,real,From Hollywood to Public Office: Cynthia Nixon Tests a Role Played by Men
2017-12-03,real,Help Assad or Leave Cities in Ruins? The Politics of Rebuilding Syria
2018-03-29,real,Meg Wolitzer’s New Novel Takes On the Politics of Women’s Mentorship
2017-11-21,real,Six of Our Favorite Stories on Germany’s Politics
2018-12-06,real,Why Run for President? Because Even Losing Has Its Perks
2017-10-09,real,"For Disney’s Iger, an Unlikely Political Turn"
2018-07-12,real,British Roll Out Trump’s Political Idol: Winston Churchill
2018-06-28,real,The Roberts Court Protects the Powerful for a New Gilded Age
2018-12-13,real,Trump Had a Bad Week. Things Could Soon Get Worse for Him.
2018-03-19,real,A Winning Political Issue Hiding in Plain Sight
2018-11-01,real,"Near the Border, Beto Talks Immigration"
2018-05-08,real,Why Are So Many Democracies Breaking Down?
2018-05-18,real,"Chinese Legal Maverick, Facing Political Gales, Bides His Time"
2018-03-01,real,"Review: ‘Educated,’ by Tara Westover"
2018-06-28,real,The Roberts Court Protects the Powerful for a New Gilded Age
2017-12-21,real,Governor Cuomo Proposes More Disclosure for Online Political Ads in New York
2018-11-20,real,How to Survive Thanksgiving
2018-11-08,real,Don’t Blame the Polls
2017-12-11,real,"Rethinking Electric Power, Prompted by Politics and Disaster"
2017-06-04,real,Brazil’s Broken Political Leadership
2018-03-08,real,Want to Understand What Is Wrong With Europe? Look at Italy
2018-03-01,real,"Review: ‘Educated,’ by Tara Westover"
2018-01-02,real,American Politics Is Swamped With ‘Bad Faith’ Actors
2018-11-12,real,Counting Every Vote
2018-03-26,real,The Politics of Waxing
2017-06-04,real,Brazil’s Broken Political Leadership
2018-06-09,real,Trump’s New Plan to Dismantle Obamacare Comes With Political Risks
2017-10-05,real,"In Targeting Political Groups, I.R.S. Crossed Party Lines"
2018-10-26,real,The Local Issues Our Readers Care About
2018-10-31,real,On the Ballot This Year: A Lot to Think About
2018-11-13,real,Is Arizona the Next Big Democratic Target?
2017-09-30,real,Can the Supreme Court Fix American Politics?
2018-07-25,real,A Screeching Stop for Speed Cameras in New York City School Zones
2017-09-19,real,Why We Need Political Parties
2018-11-14,real,Next Stop for Democrats: 2020
2018-08-25,real,"Unified Korean Team, Victor on the Court, Tries to Win Hearts, Too"
2018-03-22,real,"Women and College Graduates Flock to the Democratic Party, Study Finds"
2018-05-16,real,"Letitia James, Weighing Political Calculus, Enters Attorney General Race"
2018-06-09,real,Trump’s New Plan to Dismantle Obamacare Comes With Political Risks
2018-02-20,real,Missing Conservatism? Just Wait for a Democratic President
2018-08-25,real,"Unified Korean Team, Victor on the Court, Tries to Win Hearts, Too"
2018-11-14,real,Next Stop for Democrats: 2020
2019-05-04,real,Europe’s Glorious Years of Peace and Prosperity
2019-01-09,real,Why Fighting Fake News With the Facts Might Not Be Enough
2018-07-10,real,A Victory for Mexican Democracy
2018-01-29,real,Just How Bad Is Partisan Gerrymandering? Ask the Mapmakers
2018-05-29,real,Just Lost an Election? Join the Winning Side
2017-11-02,real,Sicily’s Political Theater Has Colorful Cast and Big Implications
2018-10-29,real,An Election About Everything
2018-10-09,real,What the Primaries Say About the Future of Democrats
2018-04-26,real,Who Will Win the New Great Game?
2018-01-11,real,"Spirits, Culture and Politics in America"
2017-10-27,real,Politicians Are Bad at Podcasting
2017-11-30,real,"Politics in the Subways: Great When It Works, a Mess When It Doesn’t"
2018-02-09,real,The Political Scientist Giving the Art World Something to Think About
2018-10-25,real,Trump Has Become a Midterms Rorschach Test
2018-10-24,real,The Danger of Running an Election on Fear
2018-09-21,real,Michelle Obama’s Big Book Rollout: ‘It’s Like You’re Looking at a Madonna Tour’
2018-11-07,real,The Midterms Are Over. Now What?
2017-10-06,real,An Exodus From Puerto Rico Could Remake Florida Politics
2018-01-13,real,A Romney Who Is Unfailingly Loyal to Trump
2017-10-06,real,An Exodus From Puerto Rico Could Remake Florida Politics
2018-10-24,real,The Danger of Running an Election on Fear
2018-02-02,real,A New Cocktail Conference With a Political Twist
2018-03-07,real,Learning From Israel’s Political Assassination Program
2018-11-05,real,Midterm Canaries: Races to Watch for Early Trends
2018-11-02,real,"In Texas, a Close-Up View of the Midterms"
2018-10-26,real,Abroad in America: What Is Firing Up Female Candidates?
2018-11-15,real,"A Chat With J.B. Pritzker, Illinois’s Next Governor"
2018-02-15,real,Ethiopia’s Prime Minister Resigns Amid Political Turmoil
2017-12-27,real,"From the Personal to the Political, 19 Artists to Watch Next Year"
2017-09-25,real,"Reality TV Meets Politics, Brazilian Style"
2018-11-05,real,Midterm Canaries: Races to Watch for Early Trends
2019-04-03,real,Big Tech Was Designed to Be Toxic
2018-10-23,real,"With 2 Weeks Until the Midterms, It’s Grind-It-Out Time"
2018-04-08,real,"In John Bolton, Trump Finds a Fellow Political Blowtorch. Will Foreign Policy Burn?"
2018-03-21,real,2018 Is Cynthia Nixon’s First Race; 2013 Was Her First Political Rodeo
2018-07-28,real,I Wanted a Dog. I Bake Bread Instead.
2018-05-23,real,Ambitious Plan to Fix New York Subway Is Already Facing Obstacles
2017-12-28,real,The Political Aftermath of the Tax Bill
2018-09-13,real,A Modern Jeremiah Sees National Decline Everywhere He Looks
2017-12-04,real,"Kennedy Center Honors Evoke Politics, Even Without Trump"
2018-01-29,real,Powerful Ally of Xi Jinping Makes Political Comeback in China
2019-04-01,real,"Ben Ray Luján, High-Ranking House Democrat, Will Run for Senate in New Mexico"
2018-06-22,real,Why the N.F.L. and the N.B.A. Are So Far Apart on Social Justice Stances
2018-01-31,real,Robin Bell Doesn’t Think Science Should Be Political
2018-03-25,real,Can Peru’s Democracy Survive Corruption?
2018-10-30,real,Potential Midterm Upsets We’re Watching
2017-08-22,real,The Strange Politics of ‘Classified’ Information
2018-01-11,real,The Art Exhibitions to See in 2018
2017-10-01,real,"At Trial, a Focus on the Facts, Not the Politics, of Benghazi"
2018-02-21,real,Spanish Artwork Denounced Political ‘Persecution.’ It Was Ordered Removed.
2018-05-28,real,Push to Expand Speed Cameras Mired in Albany Politics
2018-01-11,real,The Art Exhibitions to See in 2018
2018-02-12,real,"Obama Portraits Blend Paint and Politics, and Fact and Fiction"
2017-10-30,real,When Politics Becomes Your Idol
2018-03-19,real,There’s Never Been a Native American Congresswoman. That Could Change in 2018.
2018-04-26,real,"Review: In ‘Bobby Kennedy for President,’ a Don Draper of Politics"
2018-08-22,real,How the Trump Administration Is Remaking the Courts
2019-04-24,real,"When the Old Penn Station Was Demolished, New York Lost Its Faith"
2018-08-22,real,How the Trump Administration Is Remaking the Courts
2018-04-26,real,"Review: In ‘Bobby Kennedy for President,’ a Don Draper of Politics"
2018-10-22,real,4 Reasons Republicans Are Excited for the Midterms (and 4 Reasons They Aren’t)
2017-08-31,real,Hurricane Harvey Shifts Political Winds in Washington
2018-07-03,real,Cynthia Nixon. Parent. Activist. Governor?
2018-10-16,real,‘Horseface’ and the Year of the Woman
2018-02-14,real,"Teaching Activities for: ‘Obama Portraits Blend Paint and Politics, and Fact and Fiction’"
2019-05-06,real,Trump Advisers Accuse China of Reneging on Trade Commitments
2018-03-14,real,Some of the Most Provocative Political Art is Made With Fibers
2019-05-04,real,Senator Michael Enzi Announces His Retirement
2017-04-09,real,Keep Your Politics Out of Passover
2018-10-16,real,‘Horseface’ and the Year of the Woman
2017-10-24,real,Cuban Art Outshines Politics
2017-10-03,real,"Jagmeet Singh, Canada’s Newest Political Star, Lifts His Party’s Hopes"
2017-12-28,real,What Happened to Germany’s Social Democrats?
2017-11-26,real,The Talk of Turkey? A Politically Charged Trial in New York
2019-05-04,real,"Biden Thinks Trump Is the Problem, Not All Republicans. Other Democrats Disagree."
2019-02-27,real,Michael Cohen to Tell Congress That Trump Is a ‘Con Man’
2017-10-25,real,Liberalism and the Politics of Low Fertility
2018-05-02,real,Why the Creator of ‘Dear White People’ Is Doubling Down on Identity Politics
2018-07-10,real,A White House Memoir That’s Equal Parts C-Span and ‘Sex and the City’
2018-03-15,real,"Chirlane McCray, New York’s First Lady, Steps Out of the Mayor’s Shadow"
2018-02-04,real,Boeing’s Pursuit of Beloved Brand in Brazil Hits Political Headwind
2018-03-28,real,What a Times Political Reporter Learned From the 2016 Election
2017-10-25,real,Liberalism and the Politics of Low Fertility
2017-10-10,real,"Are Politicians Responsible for Their ‘Base,’ or Is It the Other Way Around?"
2018-07-13,real,I Love Performing Those Songs. But What About the Gender Politics?
2018-01-03,real,The Pianist of the Resistance Captures a Surprise Award
2018-05-30,real,India’s Embattled Democracy
2018-02-07,real,"For Korea Inc., Money and Politics Make an Awkward Olympics"
